[
  {
    "userId": "3b0fd66b-a4d6-4d95-94e4-01940c99aedb",
    "name": "Carly",
    "email": "cvansalzberger0@cisco.com"
  },
  {
    "userId": "d9d323fa-5c98-4222-a352-120e1f5e2798",
    "name": "Inesita",
    "email": "imcconnachie1@oaic.gov.au"
  },
  {
    "userId": "9e2895ae-4afe-4ff2-b3b3-be15cf1c82d6",
    "name": "Tulley",
    "email": "tbridywater2@wikimedia.org"
  },
  {
    "userId": "c7072fb5-cd2b-4703-8a58-328e5b7ed95a",
    "name": "Amelia",
    "email": "atondeur3@posterous.com"
  },
  {
    "userId": "22c29051-d301-4cc2-86dd-c19695408adb",
    "name": "Bucky",
    "email": "btompkin4@moonfruit.com"
  },
  {
    "userId": "6ac28937-bc05-4c0a-be7e-1a332e2de312",
    "name": "Sherline",
    "email": "sinston5@issuu.com"
  },
  {
    "userId": "552c1c73-e324-47ee-bf7f-b0dfbeb59788",
    "name": "Leontine",
    "email": "lchartres6@edublogs.org"
  },
  {
    "userId": "962c8a6b-c914-4aa4-93bc-2b91188a1a58",
    "name": "Cloris",
    "email": "cmorrall7@un.org"
  },
  {
    "userId": "35393a7a-f41b-4fe9-8901-fc39a8f803d6",
    "name": "Tobiah",
    "email": "trubinchik8@time.com"
  },
  {
    "userId": "9cf146a9-3da9-47fe-bcc3-3abdeb3a375d",
    "name": "Colet",
    "email": "cmincini9@dell.com"
  },
  {
    "userId": "4a6efba9-61a2-4829-abe6-dfed18484737",
    "name": "Van",
    "email": "vswaitea@imdb.com"
  },
  {
    "userId": "6718765e-123c-42d4-b2b3-efc029ff854e",
    "name": "Mella",
    "email": "mheartyb@sphinn.com"
  },
  {
    "userId": "0880eb85-2a08-4898-8aae-3cf90c48b08b",
    "name": "Karyl",
    "email": "kmatteic@live.com"
  },
  {
    "userId": "2977c5fe-22be-454a-80e1-5b93db92a371",
    "name": "Berrie",
    "email": "bnortcliffed@linkedin.com"
  },
  {
    "userId": "bd909a0b-f665-451a-a052-8e8111e796e3",
    "name": "Giselle",
    "email": "gsollitte@weibo.com"
  },
  {
    "userId": "26409ed7-15ac-4695-9813-be2afb6dad26",
    "name": "Niall",
    "email": "nrebeirof@netvibes.com"
  },
  {
    "userId": "80697f6f-69bc-4b03-82c0-40f48884f716",
    "name": "Afton",
    "email": "ajozaitisg@craigslist.org"
  },
  {
    "userId": "15d25fd9-32da-4ac7-b1b6-589a90a41dbf",
    "name": "Letisha",
    "email": "lgrimsdykeh@blogger.com"
  },
  {
    "userId": "0bd8b2b2-d67f-47dc-9acc-d2311006852b",
    "name": "Julio",
    "email": "jcuniami@weibo.com"
  },
  {
    "userId": "e83bae68-8104-4847-9f08-98206f35d100",
    "name": "Dana",
    "email": "dstrugnellj@51.la"
  },
  {
    "userId": "a4cf8f1f-8c61-404d-834d-220202358f91",
    "name": "Gertie",
    "email": "gmacrok@networkadvertising.org"
  },
  {
    "userId": "e091dbc4-0fc5-4823-9fc4-1cdded1fc5f4",
    "name": "Vidovik",
    "email": "vriddettl@usgs.gov"
  },
  {
    "userId": "e9ceef74-fb81-41e0-b52e-0089b978b2f3",
    "name": "Yancey",
    "email": "yfentemm@51.la"
  },
  {
    "userId": "9d82ca0e-cb41-4fba-a73f-acb7388e9d12",
    "name": "Lyndell",
    "email": "ldurninn@sciencedirect.com"
  },
  {
    "userId": "ecea4d11-d41e-468a-85d3-e80a193a5620",
    "name": "Heidie",
    "email": "hrackhamo@craigslist.org"
  },
  {
    "userId": "29232f0d-2423-406f-956b-00ddf9540ac8",
    "name": "Clem",
    "email": "cthorbonp@smugmug.com"
  },
  {
    "userId": "afd4a67e-83ba-4a62-9cdc-2fdc0c553b29",
    "name": "Paten",
    "email": "pblasdaleq@quantcast.com"
  },
  {
    "userId": "2a26982f-498f-4599-ab54-bc7469e2fbfd",
    "name": "Daisi",
    "email": "dsedgwickr@addthis.com"
  },
  {
    "userId": "c876a2cc-7528-4b61-837b-b7f7efc62cca",
    "name": "Sara-ann",
    "email": "sblundels@csmonitor.com"
  }
]
